{"500k": {"var": 49.07675046401195, "count": 709, "mean": 1.382228490832158}, "100k": {"var": 40.16300753034349, "count": 854, "mean": 0.8875878220140515}, "experimentname": "My Exp 1"}